-- Phase 3 데모: 학원 테넌트 + 교사 + 2개 반 + 4명 학생 + 학생별 오답
-- 모두 model_version='p3-demo' 로 식별 (삭제 용이)

insert into tenants (id, type, name, plan) values
  ('00000000-0000-0000-0000-0000000000b0','academy','한빛수학학원','pro')
on conflict (id) do nothing;

insert into memberships (id, tenant_id, role, display_name, phone) values
  ('00000000-0000-0000-0000-0000000000b1','00000000-0000-0000-0000-0000000000b0','teacher','김선생', null),
  ('00000000-0000-0000-0000-0000000000b2','00000000-0000-0000-0000-0000000000b0','parent','이수민 학부모','01012345678')
on conflict (id) do nothing;

-- 학부모 b2 ↔ 학생 d1(이수민) 연결
insert into parent_links (id, parent_membership_id, student_id) values
  ('00000000-0000-0000-0000-0000000000e1','00000000-0000-0000-0000-0000000000b2','00000000-0000-0000-0000-0000000000d1')
on conflict (id) do nothing;

insert into classes (id, tenant_id, name) values
  ('00000000-0000-0000-0000-0000000000c1','00000000-0000-0000-0000-0000000000b0','중3 A반'),
  ('00000000-0000-0000-0000-0000000000c2','00000000-0000-0000-0000-0000000000b0','중3 B반')
on conflict (id) do nothing;

insert into students (id, tenant_id, class_id, name, grade, school) values
  ('00000000-0000-0000-0000-0000000000d1','00000000-0000-0000-0000-0000000000b0','00000000-0000-0000-0000-0000000000c1','이수민','중3','한빛중'),
  ('00000000-0000-0000-0000-0000000000d2','00000000-0000-0000-0000-0000000000b0','00000000-0000-0000-0000-0000000000c1','박지호','중3','한빛중'),
  ('00000000-0000-0000-0000-0000000000d3','00000000-0000-0000-0000-0000000000b0','00000000-0000-0000-0000-0000000000c2','최유나','중3','샛별중'),
  ('00000000-0000-0000-0000-0000000000d4','00000000-0000-0000-0000-0000000000b0','00000000-0000-0000-0000-0000000000c2','정민재','중3','샛별중')
on conflict (id) do nothing;

-- 학생별 오답 (단원·태그·검증상태 다양화). 멱등: 재실행 시 데모 오답 초기화 후 재삽입
delete from wrong_items where model_version='p3-demo';
insert into wrong_items
  (tenant_id, student_id, problem_latex, problem_text, correct_answer,
   solution_steps, error_tags, verification_status, difficulty, subject, unit, status, model_version)
values
  ('00000000-0000-0000-0000-0000000000b0','00000000-0000-0000-0000-0000000000d1','x^2-5x+6=0','이차방정식','x=2,3','[]'::jsonb, array['계산실수'],'verified',2,'수학','이차방정식','analyzed','p3-demo'),
  ('00000000-0000-0000-0000-0000000000b0','00000000-0000-0000-0000-0000000000d1','x^2-9=0','이차방정식','x=±3','[]'::jsonb, array['공식오적용'],'verified',2,'수학','이차방정식','analyzed','p3-demo'),
  ('00000000-0000-0000-0000-0000000000b0','00000000-0000-0000-0000-0000000000d1','2x+3=7','일차방정식','x=2','[]'::jsonb, array['계산실수'],'verified',1,'수학','일차방정식','analyzed','p3-demo'),
  ('00000000-0000-0000-0000-0000000000b0','00000000-0000-0000-0000-0000000000d2','x^2+2x-3=0','이차방정식','x=1,-3','[]'::jsonb, array['개념이해부족'],'mismatch',3,'수학','이차방정식','analyzed','p3-demo'),
  ('00000000-0000-0000-0000-0000000000b0','00000000-0000-0000-0000-0000000000d2','3x-6=0','일차방정식','x=2','[]'::jsonb, array['계산실수'],'verified',1,'수학','일차방정식','analyzed','p3-demo'),
  ('00000000-0000-0000-0000-0000000000b0','00000000-0000-0000-0000-0000000000d3','x^2-4x+4=0','이차방정식','x=2','[]'::jsonb, array['개념이해부족','공식오적용'],'verified',3,'수학','이차방정식','analyzed','p3-demo'),
  ('00000000-0000-0000-0000-0000000000b0','00000000-0000-0000-0000-0000000000d3','\frac{1}{2}x=4','일차방정식','x=8','[]'::jsonb, array['단위/표기'],'unverifiable',2,'수학','일차방정식','analyzed','p3-demo'),
  ('00000000-0000-0000-0000-0000000000b0','00000000-0000-0000-0000-0000000000d4','x^2=16','이차방정식','x=±4','[]'::jsonb, array['풀이미완성'],'verified',2,'수학','이차방정식','analyzed','p3-demo');
